"Timestamp","What neighborhood do you live in?","How often do you think about the safety of your tap water?","How confident are you in the safety of your tap water, with 1 being least confident?","Do you drink water from your apartment's/house's faucet?","What kind of water contamination are you most worried about?","Have you ever ordered/used a lead test kit from 311? Here's the link if you want one!","If you buy bottled water, how often do you purchase it?","If you buy bottled water, what brand do you buy and why?","Anything other comments on tap water safety or your individual water-drinking/purchasing habits I should know?"
"2025/03/25 7:55:03 PM AST","","Never","3","Yes","I don’t know ","No","I only buy it when I'm out of the house and need drinking water on-the-go","Essentia because of the electrolytes ",""
"2025/03/25 7:55:28 PM AST","","All the time!","3","Yes, but I filter it first (Brita, etc.)","Lead","No","I only buy it when I'm out of the house and need drinking water on-the-go","i only buy if there is no choice so i don't really look at the brand",""
"2025/03/25 7:56:13 PM AST","","Infrequently","5","Yes, but I filter it first (Brita, etc.)","Lead","No","I only buy it when I'm out of the house and need drinking water on-the-go","smart water. no salt / weird taste","i need to drink more water"
"2025/03/25 8:08:56 PM AST","","All the time!","5","Yes, but I filter it first (Brita, etc.)","E. coli","No","I just buy it whenever I run out","","I am from Colombia and water quality there is usually poor. That's why I was very confident about the water in the U.S. until I started to get sick because of the tap water in NY. My gut is not very strong, tho."
"2025/03/25 8:34:26 PM AST","","All the time!","4","Yes, but I filter it first (Brita, etc.)","E. coli","No","I only buy it when I'm out of the house and need drinking water on-the-go","No preference ",""
"2025/03/25 8:41:17 PM AST","","All the time!","3","Yes","PFAS (forever chemicals)","No","I only buy it when I'm out of the house and need drinking water on-the-go","",""
"2025/03/25 8:56:18 PM AST","","Infrequently","3","Yes","PFAS (forever chemicals)","No","I only buy it when I'm out of the house and need drinking water on-the-go","",""
"2025/03/25 8:56:47 PM AST","","All the time!","4","Yes, but I filter it first (Brita, etc.)","PFAS (forever chemicals)","No","I only buy it when I'm out of the house and need drinking water on-the-go","Ice mountain because it usually the cheapest and has the bottles with spouts on them. ","Sometimes I drink water straight out of the faucet but most of the time I use a filter. "
"2025/03/25 8:58:23 PM AST","","Infrequently","3","Yes","Lead","No","","",""
"2025/03/25 9:02:16 PM AST","","Infrequently","5","Yes, but I filter it first (Brita, etc.)","I'm not worried about water contaminants","No","","","I usually only buy bottled water when traveling "
"2025/03/25 9:03:32 PM AST","","Infrequently","3","Yes","Lead","No","","",""
"2025/03/25 9:36:34 PM AST","","Infrequently","4","Yes","Lead","No","About once a month","poland spring because its common",""
"2025/03/25 9:37:50 PM AST","","All the time!","2","Yes, but I filter it first (Brita, etc.)","I don’t trust that they clean the pipes","No","I only buy it when I'm out of the house and need drinking water on-the-go","",""
"2025/03/25 10:03:18 PM AST","","Infrequently","4","Yes","Lead","No","I only buy it when I'm out of the house and need drinking water on-the-go","Poland Springs because it’s usually the cheapest",""
"2025/03/25 10:04:17 PM AST","","Infrequently","4","Yes, but I filter it first (Brita, etc.)","PFAS (forever chemicals)","No","I only buy it when I'm out of the house and need drinking water on-the-go","Fiji, Evian, (literally anything but Dasani) ",""
"2025/03/25 10:04:46 PM AST","","Infrequently","4","Yes","Lead","No","I only buy it when I'm out of the house and need drinking water on-the-go","","Glad to learn about the test kits. I may just order one. Thanks!"
"2025/03/25 10:12:13 PM AST","","Never","5","Yes","Lead","No","","","I try to carry a metal reusable water bottle with me "
"2025/03/25 10:20:51 PM AST","","Infrequently","5","Yes, but I filter it first (Brita, etc.)","Lead","No","I only buy it when I'm out of the house and need drinking water on-the-go","Poland Springs, usually the cheapest","I grew up in Florida where the tap water has a weird dull flavor with a hint of chemicals. Ever since moving to NYC, I rave about how good the water tastes. I do use a filter, but only out of abundance of caution, I truly have no problem drinking straight from the tap. "
"2025/03/25 10:21:24 PM AST","","Infrequently","4","Yes","Lead","No","I only buy it when I'm out of the house and need drinking water on-the-go","",""
"2025/03/25 11:02:06 PM AST","","Infrequently","4","Yes, but I filter it first (Brita, etc.)","Lead","No","I only buy it when I'm out of the house and need drinking water on-the-go","Whatever is cheapest ",""
"2025/03/26 3:52:17 AM AST","","All the time!","4","Yes, but I filter it first (Brita, etc.)","PFAS, Lead, E. Coli","No","About once a month","Kirkland (Costco) packs — my parents purchase it","Highly concerned about microplastics re: water bottles (not tap water), if relevant to your study!"
"2025/03/26 5:35:27 AM AST","","Never","5","Yes","I'm not worried about water contaminants","No","I only buy it when I'm out of the house and need drinking water on-the-go","Whatever speaks to me in that moment","I never drink the same water twice "
"2025/03/26 7:08:47 AM AST","","Infrequently","3","Yes, but I filter it first (Brita, etc.)","PFAS (forever chemicals)","No","I only buy it when I'm out of the house and need drinking water on-the-go","i normally buy the cheapest ",""
"2025/03/26 8:52:36 AM AST","","Infrequently","3","No, I always drink bottled water","Lead","No","About once a month","Poland Spring or the one on sale ",""
"2025/03/26 9:36:25 AM AST","","All the time!","4","Yes","Lead","No","I only buy it when I'm out of the house and need drinking water on-the-go","I buy the cheapest","I think about the pipes. My building versus the city system. "
"2025/03/26 9:53:04 AM AST","","All the time!","4","Yes","Lead","No","I only buy it when I'm out of the house and need drinking water on-the-go","Cheapest","Old pipes worry me. Could be in the building or in the city's infrastructure. "
"2025/03/26 9:58:24 AM AST","","All the time!","1","Yes, but I filter it first (Brita, etc.)","PFAS (forever chemicals)","No","","","I have a berkey filter that I’m v committed to"
"2025/03/26 10:13:06 AM AST","","All the time!","3","Yes","PFAS (forever chemicals)","No","I only buy it when I'm out of the house and need drinking water on-the-go","Esssentia, I like the taste","I noticed my water tastes different after it’s sat in the cup for a few hours. Strange chemical taste"
"2025/03/26 10:17:42 AM AST","","Never","3","Yes","I'm not worried about water contaminants","No","","",""
"2025/03/26 10:46:59 AM AST","","All the time!","3","I almost always drink bottled water but if I run out at home then I’ll drink from the faucet through my Brita","Lead","No","About once a week, or more frequently than once a week","Kirkland or Poland spring ",""
"2025/03/26 12:09:56 PM AST","","Never","1","No, I always drink bottled water","I'm not worried about water contaminants","No","I just buy it whenever I run out","Essentia, box water and Fiji ","None "
"2025/03/26 1:10:47 PM AST","","Infrequently","4","Yes","PFAS (forever chemicals)","No","I only buy it when I'm out of the house and need drinking water on-the-go","Cheapest brand available","I have ordered a water test kit from a different municipality, but have not used it. There was a lead issue there. "
"2025/03/26 1:54:24 PM AST","","All the time!","3","Yes","PFAS (forever chemicals)","Yes, but I haven't used it","About once a week, or more frequently than once a week","just seltz lol. canada dry or schwepps",""
"2025/03/26 2:46:03 PM AST","","Infrequently","3","Yes","Lead","No","I only buy it when I'm out of the house and need drinking water on-the-go","",""
"2025/03/26 3:41:28 PM AST","","Infrequently","3","Yes","Those little shrimp guys ","No","I only buy it when I'm out of the house and need drinking water on-the-go","Poland spring -usually the cheapest ",""
"2025/03/27 1:53:15 AM AST","","Never","5","Yes","Lead","Yes, and I used it","I only buy it when I'm out of the house and need drinking water on-the-go","Sparkling: LaCroix, Canada Dry, Schweppes, Perrier, San Pellegrino, or Hal's seltzer. I rarely buy still bottled water...if I do, I get it for a sturdy reusable bottle or I go strictly by price.","I am very confident in the safety of NYC tap water, especially after having had the water tested for lead in my 1930s building. It also tastes the best of anywhere I've been. "
"2025/03/27 4:46:24 AM AST","","Never","4","Yes, but I filter it first (Brita, etc.)","Lead","No","I only buy it when I'm out of the house and need drinking water on-the-go","Store brand/ whatever is available gallon jug only when traveling ",""
"2025/03/27 6:27:41 AM AST","","Never","5","Yes","I'm not worried about water contaminants","No","I only buy it when I'm out of the house and need drinking water on-the-go","Poland Spring because I like their taste the best. ","I drink from one of those water dispensers with the big bottle when I’m at work. "
"2025/03/27 7:17:14 AM AST","","Never","5","Yes, but I filter it first (Brita, etc.)","E. coli","No","I only buy it when I'm out of the house and need drinking water on-the-go","Whatever is available and cheapest",""
"2025/03/27 8:11:51 AM AST","","Infrequently","4","Yes","PFAS (forever chemicals)","Yes, and I used it","I only buy it when I'm out of the house and need drinking water on-the-go","Kirkland","Right now, New York City tapwater is some of the safest in the world. Although I want to relocate, I’m not willing to give up the safe water at this point."
"2025/03/27 8:18:40 AM AST","","Infrequently","5","Yes","Lead","No","I only buy it when I'm out of the house and need drinking water on-the-go","not brand-loyal","Individual water bottle consumption is very wasteful when tap water is available. Especially in a place like NYC that has safe, tasty, and plentiful tap water. 
Also to note that bottled water is mostly just tap water in a plastic bottle, from wherever the bottling plant is located (Aquafina, Dasani, Poland Spring), or is flown/trucked in from far away using lots of fuel (Fiji, Pelligrino)"
"2025/03/27 11:08:04 AM AST","","All the time!","3","No, I always drink bottled water","It’s not a specific contaminant thing for us. Our tap water just tastes “off”.","No","I just buy it whenever I run out","I have Deer Park deliver it to my house for our water cooler. This allows my family to use refillable water bottles, which is better environmentally as well financially. Deer Park offers the best taste and price for this service, which is why we use them.","See answer above."
"2025/03/27 12:14:22 PM AST","","Infrequently","4","Yes, but I filter it first (Brita, etc.)","PFAS (forever chemicals)","No","I only buy it when I'm out of the house and need drinking water on-the-go","",""
"2025/03/28 2:46:53 AM AST","","Infrequently","4","Normally I always drink bottled but to save money (ya girl has different expenses now after moving) I JUST bought a Brita this week.","I don't think I had concerns about water contaminants, at least not those listed. I might have thought about flouride and PFAS on occasion. But overall I just stopped liking the taste of tap water some yrs ago and switched to strictly bottled.","No","About once a week, or more frequently than once a week","I'm a Poland Spring gal. Not only do I like the taste (there are other brands that taste just as fine to me) but I think there's a strong nostalgia factor at play. It was the brand I remember having at home the most as a kid.","Not sure. I'm very particular about water in general and always need to have some with me. It's as essential as ""phone, keys, wallet, earphones...water."" Before I moved, when I still had a super long commute, I had to refill my bottle before leaving work/school because the idea of being on the train without water made me anxious, even if I didn't end up drinking any on the way."
"2025/03/28 12:30:44 PM AST","","Infrequently","5","Yes","I'm not worried about water contaminants","No","I only buy it when I'm out of the house and need drinking water on-the-go","Poland Spring, just been used to it all my life. Or store brand",""
"2025/03/28 1:14:58 PM AST","","Infrequently","3","No, I use the water dispenser in my refrigerator that I have a filter for","all of it ","No","I only buy it when I'm out of the house and need drinking water on-the-go","Smart Water",""
"2025/03/28 1:51:41 PM AST","","Never","4","Yes","PFAS (forever chemicals)","No","I only buy it when I'm out of the house and need drinking water on-the-go","Whatever is there. ",""
"2025/03/28 3:28:35 PM AST","","All the time!","3","No, I always drink bottled water","Lead","No","About once a month","Poland Spring",""
"2025/03/30 7:58:13 AM AST","Clinton Hill","All the time!","3","No, I always drink bottled water","PFAS (forever chemicals)","No","About once a week, or more frequently than once a week","Essentia, higher ph","My faucet water always looks misty, not just because of pressure "
"2025/03/30 2:17:16 PM AST","Bed Stuy","Infrequently","4","Yes","Lead","No","About once a month","No specific brand, but I’ll buy it if I’m thirsty and out & about ",""
"2025/03/31 9:32:26 AM AST","Clinton Hill","Never","5","Yes","PFAS (forever chemicals)","No","I only buy it when I'm out of the house and need drinking water on-the-go","Poland Springs, cheapest","I checked the NY League of conservation voters lead drinking line mapper for NYC and found out that my water line is not a lead line, so I feel confident in my drinking water. "
"2025/03/31 2:28:36 PM AST","Williamsburg","All the time!","2","Yes, but I filter it first (Brita, etc.)","PFAS (forever chemicals)","No","I only buy it when I'm out of the house and need drinking water on-the-go","",""
"2025/03/31 3:10:06 PM AST","Park Slope","Infrequently","4","Yes, but I filter it first (Brita, etc.)","Lead","No","I only buy it when I'm out of the house and need drinking water on-the-go","",""
"2025/03/31 6:09:39 PM AST","Mott Haven, South Bronx","Infrequently","3","Yes","Lead","No","I only buy it when I'm out of the house and need drinking water on-the-go","Polar Springs",""
"2025/04/03 11:59:38 PM AST","Roosevelt island ","All the time!","3","Yes","Fluoride","No","I only buy it when I'm out of the house and need drinking water on-the-go","","Some tap water smell wired."
"2025/04/04 10:53:11 AM AST","Park Slope","Never","5","Yes","Lead","No","I only buy it when I'm out of the house and need drinking water on-the-go","Usually whatever is cheapest. Often poland spring. Sometimes if I know I want something light-weight but 're-usable', because I'm going on a trip or forgot my water bottle at home, I buy something sturdier like Fiji or Essentia (I forget the name).","NY water is the best"